8.931236547570690076e-01,1.114299864909785054e+00,1.155330109206571310e+00,1.104456797307285187e+00,9.664065730462304549e-01
8.545658909125994906e-01,7.794342794788096107e-01,7.077080398195162436e-01,1.039625333509040184e+00,1.208392359795436688e+00
1.605424783047231907e+00,2.639008607800238937e-01,3.161312665276071465e-01,3.108466583193251753e-01,1.563880134744209949e+00
1.177360851857961466e+00,6.404950781495996059e-01,8.886633324652659649e-01,6.461645175718027101e-01,8.426965555781402717e-01
7.067831025113588961e-01,8.400453420809617100e-01,1.195974677542098963e+00,6.829371479910456566e-01,9.715297022854696429e-01
9.061354722214526314e-01,8.399824744297057499e-01,7.262922900217854139e-01,9.176689498283367996e-01,1.012917339247349169e+00
8.858457435513492628e-01,6.848273620516639459e-01,8.576120463159648821e-01,8.350424001215536185e-01,2.185990706580822618e-01
6.099783993214323852e-01,1.114215071145362890e+00,9.880768870769968126e-01,6.906104189336091936e-01,7.470405348583480931e-01
1.181949878428148804e+00,5.899711833629054381e-01,8.893587011429987532e-01,7.313580411959808014e-01,1.059217114704344098e+00
8.807188540851472736e-01,1.037858323075067313e+00,4.476492595375876071e-01,7.280298996023253366e-01,1.313130186106007846e+00
1.478751537749981582e+00,8.331707762924085436e-01,9.101893849609206111e-01,8.041717986973100363e-01,9.691061691121644062e-01
1.499238106603426601e+00,9.519136888825614484e-01,1.159899382408887236e+00,1.304940876713727826e+00,9.671276074728955008e-01
1.074127896515718161e+00,1.258186859172963468e+00,5.976881727347530537e-01,1.010080789058317885e+00,8.017636761131680112e-01
5.204962237633988797e-01,6.884412726390121140e-01,6.513427404246349139e-01,1.019576389242039527e+00,8.628898357960025356e-01
6.175910601321950022e-01,9.678216829916511665e-01,1.111814061016134447e+00,8.248770338824833459e-01,8.416871152099208997e-01
9.420174662551464850e-01,7.256421210229722085e-01,8.608555048327520831e-01,8.687587914706781378e-01,9.619855767223396414e-01
9.752854233773402548e-01,7.880698507008996323e-01,1.007999045790429982e+00,8.375474359968503313e-01,8.956180529192331319e-01
1.077542418035916327e+00,9.494036188853188785e-01,1.006079743501251844e+00,1.055609648606614215e+00,9.852191016196392148e-01
6.579617239322789191e-01,5.066798795994051918e-01,7.030682093533157095e-01,7.262588727402725652e-01,7.723386208169578104e-01
9.520308189183818159e-01,9.006019447223145846e-01,1.340032754103113843e+00,8.179425025405185901e-01,8.658342618176693151e-01
4.647137987288653682e-01,9.121177655943759621e-01,7.230194568421476342e-01,1.042526388731669806e+00,1.003919531188325998e+00
5.493873145246005452e-01,5.876640862623568051e-02,3.163828974347447920e-01,7.936035818626148153e-01,6.802681549975397868e-02
9.087566502399948565e-01,9.898954852794910053e-01,7.909566681054472914e-01,8.890116517988002620e-01,7.267082623846958800e-01
8.918117693392990653e-01,7.117452591881523460e-01,8.772467003968804633e-01,7.341908994955209655e-01,1.015914885967644787e+00
1.303954215700527053e+00,1.262539472079678537e+00,1.098927620223061119e+00,9.561801792008327583e-01,1.118042368074853021e+00
8.451407642379434870e-01,1.085884729724843289e+00,4.402256329009289759e-01,5.368751121895143363e-01,1.097909990578911588e+00
9.626280726833233992e-01,5.890077247046411335e-01,4.987229801585658095e-01,6.397761030187448794e-01,8.433200400186593448e-01
9.122191045604096660e-01,8.792404836196638929e-01,7.662705821273660955e-01,1.058569318443539631e+00,8.331525165538375965e-01
1.191116967667176896e+00,8.658732753594350351e-01,1.107508817000341317e+00,9.401187888413712335e-01,9.164479806115214400e-01
1.208267956367411911e+00,1.042879058055238728e+00,1.267799103184259923e+00,1.223550810497972874e+00,1.105167182549307237e+00
5.933170293637637371e-01,1.623103760946482232e+00,7.292351248935727837e-01,8.869418169269538410e-01,8.489284742859587451e-01
7.565291959603573924e-01,1.137259393293993170e+00,1.076486022274231180e+00,8.964467005765455188e-01,9.518628331024673317e-01
8.307041165742917732e-01,1.222046371753419347e+00,9.877581039143280561e-01,7.463700953867317134e-01,8.496921776981225527e-01
9.857822429118687779e-01,1.194509485395940818e+00,3.668189670004035619e-01,1.204318329964273238e+00,1.062125373767063952e+00
6.088882774646817708e-01,1.073179244382751918e+00,9.377673202851766199e-01,1.014983712746203137e+00,1.062295097340598682e+00
4.566280599338181645e-01,7.824292411202451447e-01,6.636861994763687544e-01,7.883066171505923592e-01,3.918297603075806546e-01
8.527868028710118287e-01,9.047732101284808870e-01,9.616030367475836282e-01,8.955769818605193722e-01,1.072192344255045615e+00
6.683743477718802062e-01,1.003041461358868736e+00,7.694429425866096128e-01,6.737181400044895963e-01,6.513878286896366276e-01
1.199738611070571892e+00,8.735699835790212697e-01,9.156008503725716619e-01,1.048380788391534590e+00,7.889562127157588867e-01
8.859844474148431681e-01,1.041766066851919970e+00,1.024105672193597938e+00,6.910032116326773055e-01,9.548713904861733104e-01
9.032181947235522479e-01,3.542289207491521874e-01,4.778146414236176809e-01,1.272640778579441356e+00,2.640370550667994198e-01
1.067583144695618103e+00,7.228607553520794982e-01,1.052229575136513162e+00,1.283214846112466834e+00,1.124133732298231880e+00
1.205354883632995033e+00,1.037205779250827797e+00,1.028663052378013809e+00,1.422092073193708561e+00,1.441987960394282675e+00
9.252064006497555670e-01,8.099326548582921337e-01,9.208896171065028557e-01,7.482205382424049755e-01,1.290028131830613045e+00
9.926752146221394790e-01,1.219557265280443614e+00,9.860915059744721489e-01,1.186807967497378158e+00,1.314826639801515151e+00
1.149909677173134304e+00,1.128132927544879704e+00,9.446229907216965316e-01,8.340549972017932134e-01,1.077265639334340275e+00
6.040905630550542638e-01,1.332993256168782503e+00,3.569644051738767310e-01,9.520320583285517557e-01,5.351497650334218203e-01
1.026587179660794824e+00,8.307518119962159497e-01,8.074547952524347982e-01,9.844031897066065628e-01,1.026663123081308360e+00
1.059398453797747885e+00,1.021059388416034386e+00,1.151092500372096650e+00,1.021898857307289354e+00,7.393106527995663146e-01
9.820899720658220478e-01,7.837518158249511258e-01,8.479382191999164098e-01,6.181180367526288855e-01,7.870288191501085828e-01
1.438046992616660358e+00,8.800539174813525323e-01,9.148594217794656647e-01,1.217689894418640506e+00,9.392350832974932784e-01
1.015279174736490875e+00,9.848181851478088333e-01,1.271310897686332986e+00,1.229329347535402572e+00,1.216619328581203696e+00
1.054400551288825039e+00,1.251720348369359526e+00,1.282172663230635834e+00,1.218144743657729512e+00,1.002995947306871916e+00
7.391440638565375254e-01,8.444647951515316109e-01,5.981230534685861855e-01,6.543571227055321460e-01,8.076165771453248654e-01
5.717258194263161730e-01,1.253728235526649470e+00,6.895157840716242825e-01,1.147279892892810294e+00,9.778206096072032949e-01
9.474470614612039432e-01,9.998114781639274584e-01,8.761600181039037594e-01,7.082885964033928117e-01,1.161984207148175408e+00
8.871706634757317023e-01,8.967545910598532233e-01,9.298810730939105484e-01,7.417054435165871817e-01,8.087984588623587934e-01
1.109068289728391887e+00,1.022364003252737019e+00,1.171249872778864720e+00,1.196530725967299480e+00,9.189038583023052542e-01
9.547203016544487664e-01,1.054964069358676371e+00,1.185406513191698208e+00,7.405250925332257372e-01,6.290503272971396109e-01
6.705783631154208502e-01,1.010568859968142386e+00,1.011032465140698777e+00,8.171653003123476866e-01,9.259028300207222673e-01
8.604569907359539416e-01,8.086711108848032570e-01,9.997956051986621739e-01,1.034328091521833803e+00,9.076121510129051551e-01
8.905815105678686061e-01,1.113542451988754678e+00,1.245256999927869757e+00,1.149019215330583599e+00,1.194290386972934215e+00
9.482894234933971767e-01,8.009145660986903836e-01,1.257466360965392660e+00,8.567038702312103071e-01,1.336517321638595268e+00
8.463913823208715215e-01,1.047578173936428936e+00,1.092718163999599312e+00,8.244879775994925497e-01,9.860921410622824901e-01
9.692291092210594261e-01,8.991733409524127474e-01,9.327208969093887525e-01,1.125118693258641001e+00,7.514750953591100568e-01
1.105092585788011839e+00,1.027506461946723348e+00,1.185427656814305397e+00,9.879231037413401806e-01,8.559483602453792361e-01
9.293870824519373519e-01,1.048196208313744604e+00,6.634504663264031432e-01,8.582375729487845550e-01,9.886321351108354749e-01
7.788874309696702802e-01,1.050046484443214911e+00,8.200351190193265749e-01,1.023334530431028400e+00,9.558484607370636432e-01
7.052376036725769293e-01,8.242523011745872541e-01,1.130326177469006765e+00,8.532728408449155033e-01,1.186380628186003872e+00
1.187673921876442495e+00,6.609954460068376836e-01,1.123705166259647781e+00,8.577342618407209907e-01,1.118378206805421993e+00
1.362218981881796243e+00,9.624290732947700100e-01,6.227220406133744390e-01,1.023559229747850630e+00,8.598618034478060501e-01
1.064413743297520698e+00,9.959824437165284428e-01,1.030999029937246458e+00,9.685293701726757076e-01,8.063425031393206543e-01
1.085664738439653387e+00,1.084771906394187413e+00,8.683635886634334389e-01,9.392199488737601465e-01,8.850372066961120776e-01
8.257726305285192359e-01,1.077942669414042154e+00,1.102778689387260425e+00,8.906524237705353286e-01,1.093149298526432167e+00
7.259612631710213870e-01,2.147538773446062976e-01,1.339698589024430841e+00,8.494448355857908695e-01,7.565242295455008037e-01
4.946726708307042086e-01,6.990440105238798774e-01,1.249829605289865198e+00,1.130019453582301825e+00,2.671208679326892432e-01
4.775631504809670913e-01,6.789929366577038827e-01,6.689705384667919974e-01,1.247497335883998693e+00,1.230645106966105962e+00
3.965955748656772584e-01,7.451462606708240122e-01,6.471332985428053242e-01,6.546832084192593104e-01,7.650574230701892020e-01
8.689681793000108012e-01,9.515021015790749992e-01,6.849099933564611886e-01,8.246822939353611881e-01,8.046517566104415264e-01
1.245633514293647437e+00,1.174741227294823664e+00,1.018099866471206649e+00,8.820501110062410888e-01,1.207104864767609254e+00
4.859991933422366239e-01,5.158381503444280369e-01,6.799304756539501504e-01,1.066324120801306785e+00,8.167665146579973223e-01
9.185647614270219252e-01,8.813298389040571390e-01,9.213882783985486435e-01,8.595192508465988590e-01,1.171045356255863368e+00
1.002802377399840017e+00,3.177382408999678831e-01,9.696819300340229209e-01,8.492158702682619520e-01,9.704397631911539923e-01
9.338149065802883175e-01,9.187599783877359316e-01,9.496262936952796219e-01,8.068813639653237280e-01,7.949847990975204004e-01
8.417522380334536702e-01,7.727959213262589611e-01,2.797258484869791229e-01,7.952273270036906982e-01,1.506268965977849206e+00
9.650278886621574959e-01,1.007311806308298419e+00,8.946028100041114595e-01,9.902050242346990272e-01,9.764074179415296317e-01
9.530510959113782654e-01,1.035350611308202939e+00,1.004109529735960793e+00,7.565244370978669863e-01,9.854787403548979086e-01
1.035475714285103432e+00,8.919656530247093151e-01,1.138029194024169577e+00,1.091259109737293898e+00,7.001323767251798058e-01
1.244911796095028000e+00,9.629834662392763311e-01,1.174210467939772906e+00,1.243807435779316739e+00,1.382022206121399144e+00
9.134705187430480766e-01,8.876027880431822670e-01,8.236658435900119368e-01,1.117310060870811084e+00,1.189461504006577020e+00
9.618405563824412585e-01,9.456015064989693464e-01,7.264832201749955587e-01,9.075085066100075926e-01,1.120580625553278420e+00
7.516961452687767054e-01,9.332423492939417864e-01,1.228625521688916589e+00,1.227036869089317195e+00,8.279846818764146077e-01
9.891001166631377961e-01,1.110136201390336419e+00,9.409695776526367794e-01,8.993210796913387872e-01,1.166359326359069248e+00
8.401005682507092232e-01,7.893454704239223352e-01,6.435013603350270284e-01,6.542474208817501413e-01,8.179186545476080372e-01
8.897117387325875759e-01,9.691905971400388564e-01,9.378806328327611297e-01,8.001826229575688121e-01,1.041810133748431788e+00
7.487561911009482651e-01,1.050580115904258927e+00,4.470069994767866817e-01,3.861968275225720060e-01,1.086837283122708664e+00
9.664554289067102122e-01,1.284205602337460395e+00,7.033480231086828294e-01,7.543667966403403424e-01,1.368549095155975337e+00
1.315762911280265790e+00,8.867996278593666126e-01,8.657968930579698075e-01,1.367103824300519133e+00,9.228958801819467928e-01
1.078502315982582171e+00,1.046803350407438549e+00,1.135841913964282801e+00,8.058173174820291162e-01,1.050379338571126420e+00
8.727564371529458187e-01,1.187792061971548740e+00,7.001962758580476676e-01,1.097072496939773378e+00,1.047177229535048992e+00
1.259596180479557015e+00,6.039508070378980520e-01,6.333797407661893031e-01,1.015952760354936979e+00,6.962586132341352929e-01
6.932877672653973145e-01,1.169008501969247771e+00,6.961989821219343177e-01,6.421783986338686079e-01,9.071576565622613275e-01
7.790436904114385053e-01,1.008596258026017267e+00,1.075562175342119176e+00,8.920080442489592976e-01,9.764973789482451760e-01
8.753491738569769698e-01,8.844170488214004866e-01,9.920130091050052279e-01,1.078329744207333851e+00,1.030654401453073188e+00
1.383507710054598716e+00,1.508241893141821333e+00,1.529692523512490743e+00,1.371614832816163920e+00,1.400685850911293828e+00
1.265772999447764002e+00,7.777040902606636719e-01,1.183007718714349510e+00,1.066476501343536221e+00,1.176279229838243179e+00
1.044017973985629455e+00,8.527248220055214656e-01,6.797685881822121967e-01,9.328214845788429521e-01,1.225529971684292896e+00
9.002321709273926054e-01,9.347642276962706553e-01,9.474846989810398190e-01,1.305921641866135685e+00,1.062132024030132849e+00
8.104753112856141195e-01,7.496224707942578114e-01,8.424214297406357188e-01,8.832177092866129176e-01,7.349904938387261666e-01
8.908202106675934262e-01,1.122113618189143569e+00,9.656402231788030477e-01,7.695179880282074780e-01,9.010486715478915887e-01
1.182753251915841464e+00,1.337835460777129448e+00,1.076274603764537430e+00,1.260770981251006173e+00,1.082789560639418669e+00
9.192862905690923903e-01,1.147087319413285567e+00,1.224467663995566946e+00,8.883477916481350434e-01,8.264648449221296822e-01
8.651126289126804814e-01,1.170322050696887661e+00,7.813853977322511302e-01,6.851207923818583012e-01,5.283818921144031178e-01
7.406905968424301046e-01,1.149203776244928088e+00,5.925171765420178538e-01,7.386675482590262520e-01,9.862963042066013042e-01
1.323048770645081973e+00,6.735739637418326486e-01,7.242262297651133052e-01,1.142471895036651697e+00,1.020175890218896875e+00
6.353525140429830964e-01,8.688266896409965190e-01,3.826729276001775704e-01,1.110018872326761441e+00,1.197623488718519313e+00
7.354678069930927764e-01,7.619954906172875519e-01,7.733945460584371601e-01,7.564715599774125554e-01,9.310705489228430221e-01
8.367588486948646098e-01,7.807679487812219099e-01,1.300176272575203518e+00,8.218093524816383333e-01,4.735047390362877029e-01
9.159496012202340554e-01,1.112676087718531326e+00,1.111863375588190150e+00,1.210528290521975858e+00,1.305810560912726848e+00
1.112320260147590334e+00,7.254595075740050136e-01,1.070924724740587974e+00,5.829851885305824544e-01,9.253742582966649755e-01
9.131064903213658157e-01,5.912232014155242021e-01,8.100796971774557598e-01,6.114870918966845981e-01,1.098075021520422911e+00
9.137741070647823483e-01,1.068036983586177602e+00,1.132137661914874416e+00,1.130744893746727486e+00,1.109730372038632673e+00
9.554547537948741009e-01,1.238063904220340516e+00,8.033200315712736295e-01,1.085195843790841996e+00,8.258048669204458569e-01
1.114571102730077978e+00,6.928844581629673982e-01,9.059844697134498137e-01,9.231712205966002838e-01,6.006191755236481855e-01
1.082235524386521375e+00,1.037389975547439835e+00,9.095868184838512560e-01,8.348645177960811736e-01,8.848958508467199557e-01
7.391131406936350956e-01,8.434275218443884059e-01,5.764034277764856773e-01,6.735830859823211947e-01,1.297752592697588803e+00
3.512689719911269992e-01,1.242791983192663041e+00,1.261783349168683177e+00,1.933248227094011007e-01,2.937687296473856513e-01
1.055843366668313577e+00,7.511233648156826481e-01,6.251668709612673291e-01,9.576564969884964196e-01,8.272428556551615353e-01
8.165761161428402026e-01,1.179695204476463477e+00,7.450000687579046987e-01,1.160671971130644131e+00,1.077994369731747781e+00
8.814555373381580683e-01,7.838768019218251837e-01,5.239657248372715515e-01,6.827248829001518748e-01,8.515865861467301068e-01
9.050203967223094947e-01,8.172162464438366136e-01,8.789047007214446650e-01,7.527459850637298056e-01,7.518333413444383551e-01
8.322271302642660906e-01,4.189468476716580736e-01,7.357051570602686219e-01,7.687846966612029709e-01,6.778119890744586096e-01
4.607697164781249799e-01,7.159393997978295010e-01,5.704931268351268736e-01,8.768226362029863941e-01,9.211487595972349673e-01
8.077318939958723076e-01,1.032256326417078762e+00,1.059613914029808868e+00,1.047544409193743142e+00,7.891578901061867546e-01
8.570352344803532363e-01,1.005969873892588407e+00,9.649330313901643974e-01,1.060327930748332204e+00,5.951628860273358024e-01
4.063823911464693461e-01,8.958238692927391611e-01,6.112512971280031904e-01,9.844015512979498173e-01,9.873366385765649511e-01
1.181271947439937575e+00,9.744513434921892037e-01,1.044468815159895536e+00,6.856301911339105493e-01,7.688767855615924462e-01
9.093484388164461141e-01,1.219407408488618394e+00,2.297191230675478535e-01,1.307686220660494891e+00,9.854997583158729979e-01
5.703594283990816027e-01,5.633861089159752922e-01,7.223387196897192997e-01,7.443998552588847462e-01,6.133638143062610792e-01
9.038169950333592162e-01,7.773395792637103341e-01,7.985004787123638481e-01,8.501162675536385605e-01,9.120886582219106531e-01
9.678253022925964455e-01,1.037868384074901229e+00,1.165667564668630085e+00,1.065086047708074801e+00,9.844084671316909452e-01
8.905895186884993375e-01,1.002349958205768665e+00,1.017746992010412077e+00,5.828358442811356621e-01,9.658027176612674625e-01
8.507353775657539030e-01,7.417142767555042759e-01,6.412789668310862057e-01,1.061048556257444320e+00,1.033234567862198583e+00
7.805507819687461657e-01,9.572540152263528945e-01,1.024706902038734713e+00,1.207864494980643633e+00,1.021470391745639361e+00
9.594583200393653755e-01,7.917436198326556207e-01,1.020373497401355634e+00,5.950339568032478876e-01,6.795868018208054417e-01
4.454214191456910554e-01,5.179247175787682345e-01,9.530736970571934696e-01,1.200026519775939216e+00,1.011015662201760534e+00
9.703497616547218652e-01,8.952176062862946537e-01,3.672517294589848769e-01,9.148177382466329277e-01,1.394263588401858822e+00
7.403121219344124260e-01,9.033859602879314998e-01,8.572633038997644617e-01,1.059113896551837408e+00,1.109088179416108710e+00
6.012147347420302435e-01,8.726807382701555760e-01,3.652210624961546581e-01,8.824518975580649682e-01,1.269457573973905851e-01
6.650887388942950951e-01,9.672568399755441249e-01,1.091215823064559887e+00,9.565173611300179513e-01,9.201575021366582563e-01
1.332736534645641679e+00,7.189830487821854410e-01,1.059172655152816889e+00,7.814657898683493586e-01,1.145036974167826349e+00
8.236182516901870976e-01,1.090065744808390358e+00,9.645607318039869371e-01,7.845590780960981503e-01,7.062951595721425058e-01
5.591731697232871223e-01,-1.934449829270627752e-01,1.130525261108253909e+00,9.894310592273287686e-01,4.430858011921834927e-01
1.276357263710164780e+00,7.788472978914516842e-01,1.268419443704904115e+00,6.969729877538199947e-01,1.221512137968742806e+00
7.350825977486674656e-01,8.926242223191167557e-01,1.017459174276349909e+00,1.125729278860191362e+00,9.313198403343447840e-01
9.853652193694382166e-01,1.071556591022754468e+00,1.146955486408665958e+00,1.027294446495884639e+00,1.141505386336501449e+00
1.321814742401067555e+00,1.086617440522274602e+00,4.658756435453184630e-01,4.860032906267268693e-01,9.655561096935492138e-01
7.981011821942937123e-01,8.491595562590982249e-01,9.795352506645156332e-01,5.570205591176803361e-01,1.345303526127779925e+00
8.869073160557916502e-01,8.766913700105383178e-01,3.029192973486413698e-01,1.584990816016256687e+00,7.376697903824255276e-01
6.623231756278448179e-01,6.611011508142196069e-01,1.572930387393771667e+00,9.324598057886989144e-01,-3.032311289347727756e-02
1.253680566138258179e+00,1.080805022966744078e+00,4.880006438046856077e-01,1.055578467468781145e+00,8.619179768908385997e-01
6.976431480044645861e-01,9.625960610334707290e-01,1.277023417409859585e+00,8.322330859539657233e-01,1.243143485858920760e+00
5.299857961720737531e-01,1.018320524681071149e+00,5.397900238964075115e-01,8.217728548061888905e-01,6.771565703418749305e-01
8.519070861581254928e-01,9.898986996025522789e-01,1.304731387135467768e+00,6.512007859298440948e-01,1.038680502499774061e+00
1.022484550747849497e+00,7.874471112155861929e-01,5.309715808763302292e-01,8.144127315639970721e-01,9.171262131554016594e-01
1.004529689351251420e+00,1.054875008792581781e+00,9.108704170774728492e-01,1.074602400684693038e+00,1.089797062864045429e+00
6.599625167848731655e-01,5.689581936653074212e-01,8.484432100056659154e-01,8.494599014280365123e-01,8.196603623808843553e-01
1.075002342548921686e+00,9.602880769334196653e-01,1.245716634645059662e+00,7.423581668218831586e-01,1.187960947789048483e+00
1.123735510774563018e+00,1.072630108076656708e+00,8.842771276621008703e-01,1.040954772748799773e+00,1.131016804654272345e+00
6.583166389996107926e-01,9.788601980914941603e-01,6.879788266390924889e-01,7.962700049271833613e-01,8.836742514638310508e-01
8.111910842992252624e-01,1.429107803425857970e+00,1.120290524972689550e+00,8.820441124343145756e-01,9.925046189124919760e-01
7.820628846954256197e-01,8.988760374180058133e-01,8.373316877890450982e-01,9.240757839641058347e-01,1.018461623073404931e+00
7.558704827678767169e-01,4.864745579794052532e-01,5.461118672516536154e-01,1.202289815877236601e+00,9.379894656151026577e-01
9.801843818403997988e-01,1.204169672695209581e+00,5.762927881385389028e-01,9.621202212015587119e-01,1.251404200729326455e+00
1.445396776587725363e+00,5.895866125019912918e-01,1.101815768688298780e+00,1.185319812494171510e+00,9.873355162147932074e-01
1.027815384972287971e+00,8.761068899793248432e-01,1.029921983812561281e+00,9.005684865372579617e-01,1.215442921250053265e+00
1.123373304483008761e+00,8.894413837321691885e-01,1.020648667632227502e+00,1.031319108594981326e+00,8.134539313234723235e-01
9.131009000821755928e-01,7.098163209520745864e-01,1.244880248809446366e+00,1.065450274959658383e+00,7.955258789253598639e-01
8.594834493314332802e-01,1.096905213221049502e+00,8.415469441570414544e-01,7.811346548607659424e-01,1.244644279606998083e+00
7.415477147637626887e-01,7.719158012624286469e-01,1.316398917537477731e+00,7.987400282439834909e-01,5.901269161847454425e-01
9.065376894928722784e-01,8.478049579107663769e-01,3.948220550745597524e-01,7.036907373431603441e-01,8.701838833317828703e-01
8.106680491993640825e-01,8.223826903425655033e-01,9.795653124630711028e-01,7.753681652589539119e-01,6.350564157588096670e-01
1.013352661164463653e+00,8.255690518599425598e-01,8.076435684255746095e-01,4.582220516756104201e-01,9.320258037340465318e-01
1.231609895770897189e+00,1.337898151966903981e+00,1.070044672615564352e+00,1.103889996694422670e+00,1.073241667273672872e+00
6.652136206756569248e-01,7.949041460431002237e-01,1.002688077249476839e+00,1.200837287410627896e+00,7.913360394088988503e-01
9.656897206674358580e-01,9.365318657029856331e-01,8.374423019229398912e-01,9.660616612826077310e-01,1.242082387555129674e+00
1.017464959733026086e+00,7.006757951846147581e-01,1.008161294458370882e+00,6.197984995752244819e-01,6.694544219275173624e-01
8.126023650294371681e-01,6.348817921928268104e-01,1.010459695108931077e+00,1.318481521703175563e+00,1.222773386705897414e+00
1.038311432944696744e+00,1.127130104002314948e+00,8.413248709656334645e-01,9.852425732988117080e-01,6.653184539722758473e-01
1.206391019287697208e+00,7.204208237981658547e-01,9.392053655315552030e-01,9.967930085562886067e-01,1.060611668046662626e+00
1.061395088037495604e+00,7.566542153788063940e-01,1.807104457519524310e+00,8.255646361432849023e-01,5.800859079499800508e-01
1.067434553896248195e+00,1.060981740581545374e+00,6.074915052417920736e-01,9.471280999905198339e-01,1.072279402010297034e+00
1.115648833813481122e+00,7.295926090164710498e-01,1.163972204700555624e+00,8.201536546547333328e-01,4.195336507315261532e-01
8.602293751984778636e-01,9.546960475975396765e-01,7.091116212945712816e-01,9.343260999812916801e-01,8.438918765261318455e-01
7.143142903698876944e-01,9.744765818190568307e-01,7.254286355319006230e-01,9.388752846842551847e-01,8.872409661340328046e-01
9.714084328330386819e-01,8.117559875180873075e-01,1.074687902802020423e+00,6.621986046338486087e-01,1.068853764350976121e+00
8.672215765042431412e-01,9.360013686129794452e-01,7.840778739011702303e-01,1.023756733595174051e+00,1.217522976377426014e+00
7.611248691623705431e-01,7.450015059167461873e-01,8.931241977443665769e-01,1.258849231390043011e+00,7.512598584467736762e-01
9.125694654598011102e-01,9.436726962717972844e-01,1.084048211152062846e+00,5.901497328137627063e-01,7.990381869850428087e-01
8.752887728417499957e-01,1.131256815925820947e+00,9.294340506284373138e-01,8.821715081277686776e-01,1.223264026912634028e+00
1.229388760901086286e+00,1.028992853739613134e+00,8.201141333200974159e-01,4.295572907918432382e-01,1.318887903579533560e+00
1.071846205295086563e+00,8.369563239968181856e-01,8.668946184349585193e-01,8.888770130114366230e-01,7.378653200834780490e-01
1.103316931417530178e+00,6.993254921674229019e-01,1.195461452898501920e+00,7.477320567444252220e-01,1.279697111097102047e+00
7.483189943686228141e-01,7.179074333347776893e-01,1.134532994882620827e+00,7.459319572206618565e-01,8.944840401373422845e-01
1.109968653420997819e+00,9.677091177528074351e-01,6.320822751562265029e-01,1.196538652579299367e+00,7.807407881001939831e-01
6.605704936570525598e-01,1.147247779409064306e+00,1.127845472076696831e+00,8.787543189226610929e-01,9.570988361626323604e-01
7.386809065595499879e-01,3.416267181621912563e-01,5.727456088502468345e-01,1.156639589039223370e+00,9.150865212274814642e-01
8.115857967551353136e-01,7.716097434440170044e-01,1.064648690025159272e+00,7.578189113019359047e-01,6.744554485148631651e-01
7.202658147590376148e-01,7.284539236963480935e-01,1.229239849193266343e+00,9.985512619214841346e-01,9.351644071635113464e-01
1.166811140580895190e+00,1.195210494686454350e+00,1.053786211848537491e+00,1.186411632355833579e+00,1.343369788775060414e+00
9.550124912413410216e-01,1.062685229886825455e+00,9.911042822252923434e-01,1.078202192327945452e+00,8.224373079314960533e-01
1.070747801291330958e+00,1.207826362554382360e+00,1.288138346072255747e+00,1.150159789854198200e+00,9.809545854146298760e-01
9.416069730714774488e-01,9.707004838619303078e-01,9.421182386801689734e-01,1.139230084551607236e+00,1.089932624713674025e+00
4.850994800732794654e-01,1.035591920336217164e+00,9.528054790037643329e-01,5.565566677983218025e-01,7.166579656822974487e-01
8.164341190162891504e-01,9.859097627700164068e-01,9.906028661183671202e-01,8.921520941147623729e-01,1.065223632315890567e+00
1.067141775811611293e+00,8.166170064567533915e-01,1.020660509544261352e+00,4.859127494673170511e-01,4.755971906256398207e-01
8.218516346583797372e-01,6.000618837835146602e-01,5.756433992869668392e-01,6.688383081945383779e-01,8.419135519256063516e-01
1.185826528150543568e+00,5.285899594533938206e-01,3.024370600917589136e-01,9.374447486362607052e-01,7.834366672788449781e-01
8.327090340991117889e-01,8.932236526478651850e-01,1.050546454290498755e+00,1.205383747416279849e+00,1.021073650387511078e+00
9.691347751793544241e-01,8.082502786882779233e-01,5.697452866824885831e-01,8.985773504428443692e-01,9.852230919007531895e-01
1.045676732806315679e+00,9.090648604263558141e-01,1.084301495027373274e+00,9.605097887821617553e-01,8.939405700330638194e-01
8.144550252599448426e-01,8.942150580676965221e-01,7.317241376781546958e-01,1.071246520848897044e+00,8.460906512228169030e-01
6.971323292346085498e-01,8.422301466086334898e-01,8.776721284308852677e-01,1.237020345851484571e+00,7.255647528663821122e-01
1.635641784765311968e+00,9.035493751443217647e-01,7.660391345713949418e-01,1.236926187342953343e+00,8.084661573217758468e-01
8.637214570999007801e-01,1.006193147468124938e+00,5.400608797661141658e-01,6.293554880778017280e-01,6.357975291464874612e-01
7.834538167678695153e-01,9.044041450531792314e-01,1.051348856865735648e+00,1.146076956383944134e+00,9.213187984809079190e-01
1.236956440258015100e+00,9.378032028866064573e-01,1.109713008406993717e+00,7.992129779288682512e-01,9.358652550770288903e-01
9.634976361836331549e-01,1.126928144289134348e+00,9.629764907896882775e-01,7.612008696239309646e-01,9.731909210321224579e-01
8.517329693219891640e-01,9.681703763029179122e-01,8.242392335570251083e-01,6.727093904522509771e-01,1.083954744420100091e+00
8.472633444916153334e-01,8.725259298021973420e-01,3.662097363410521389e-01,1.020250411422677583e+00,1.561462876050242699e+00
9.316718010923559223e-01,6.538796748439152928e-01,1.127430799121343474e+00,4.076802394619636893e-01,8.519294489423085981e-01
9.339516185198584175e-01,1.023691755373822732e+00,1.043630017826724821e+00,9.771528685493818811e-01,9.623468194109712215e-01
9.007177994293404932e-01,6.158689885835526567e-01,1.067693274823975802e+00,5.969789876549401741e-01,8.220386793927265678e-01
9.697549463207112419e-01,1.154453895993959867e+00,8.423060263608839193e-01,5.773700772360892408e-01,9.929350549314817087e-01
1.088006674168044086e+00,8.669782726798062056e-01,1.095150467512351344e+00,7.807187530976202883e-01,1.033562810691809553e+00
7.248506562489064331e-01,1.677907844864104714e+00,9.307704539353814921e-01,5.652917546086447809e-01,9.828372132664091598e-01
6.442898150488287623e-01,7.358499651228169736e-01,9.248174647008511329e-01,8.599432883930240301e-01,4.239821920485873363e-01
7.653737777802683828e-01,8.770984006719865222e-01,1.226215559804717969e+00,1.369698399129523958e+00,7.737221463134830168e-01
6.919745184577276165e-01,9.436880023802159956e-01,8.977646999657785676e-01,8.001324134466326621e-01,1.158481388379149823e+00
1.192738487743013165e+00,1.010591058127540132e+00,7.096975332888552090e-01,1.115987694474392722e+00,1.403754389918154821e+00
9.860206648658210726e-01,9.184902564986364704e-01,8.474098285501389105e-01,9.501249015438785195e-01,9.904937244927823903e-01
9.108257836016280251e-01,7.959605147254374957e-01,1.014515356438071780e+00,1.010589966362789083e+00,8.425590074939429686e-01
8.191854631050364821e-01,1.039664830624085434e+00,6.213849262788783134e-01,1.313952823333216058e+00,1.154898337789526774e+00
8.362197906275443682e-01,4.708510562184856640e-01,9.780204631897618794e-01,7.656282580165902907e-01,1.469951115357566396e+00
7.382809676551737033e-01,4.855961492072560781e-01,4.516478129938566455e-01,5.852270964940879949e-01,8.055440827660333980e-01
6.806910900601639280e-01,1.163365187268689871e+00,1.058182237058599373e+00,1.148839534093513803e+00,1.149667394705348178e+00
1.110779726424663272e+00,8.959369412371321895e-01,1.153145619862023574e+00,8.517063888830309626e-01,8.421484841426020163e-01
6.067967939648815090e-01,1.156919930343443204e+00,7.203387559924467887e-01,1.081568089792757092e+00,9.291546801327251748e-01
1.199941935003009608e+00,1.240465395800815385e+00,1.227516423662837086e+00,1.148216178178281588e+00,1.217529965608646680e+00
9.703606220473373067e-01,6.245849960167768611e-01,1.341111294866552006e+00,1.322353826151553058e+00,8.879517954146182168e-01
7.479188319254970185e-01,1.210352443024143909e+00,8.042887101710892717e-01,1.232125117637151490e+00,1.105475780158369892e+00
9.956328900238644586e-01,9.631831303522545573e-01,1.010483973321492535e+00,8.823059709685018293e-01,1.106224274343526215e+00
1.217207752517384778e+00,1.029677373700870646e+00,9.083259170857383991e-01,8.333881737518706867e-01,1.047606333709820703e+00
9.305904605232899751e-01,8.080014937649924178e-01,1.190343890774930191e+00,9.416765059221099410e-01,7.464864307613896521e-01
-4.073486054678019386e-01,2.649292857331106421e-01,6.866191188352829267e-01,1.210207088479285931e+00,1.163386244333975528e+00
7.941836795811813010e-01,1.332105410748222196e+00,9.286524163924214648e-01,1.124799051323858601e+00,1.172477878017406994e+00
5.994652714427967100e-01,8.238492753738408947e-01,5.820820946654178263e-01,5.440999529629867437e-01,1.105133396131259715e+00
6.390632255344342871e-01,1.226640551954134573e+00,9.867030906156452064e-01,5.126646122799437544e-01,7.642821421588665842e-01
1.170690988615855632e+00,4.223770978193108760e-01,6.715597559832620078e-01,6.779619523333534348e-01,1.310864875871497803e+00
6.279884245639484330e-01,6.311078501614970637e-01,9.023627480429838865e-01,7.563821142622891847e-01,4.613051078337797040e-01
1.435990753009699139e+00,7.984565024256348176e-01,1.272848697385803085e+00,4.489537922925435076e-01,7.000768181856077410e-01
6.802502973482803528e-01,6.989519345524427552e-01,1.105887819099160563e+00,7.462918746161911754e-01,7.141074211314754061e-01
7.262757143077791522e-01,8.884827303849023306e-01,9.648237674268169695e-01,9.701840441651308211e-01,8.270504996036216472e-01
6.427268338667461167e-01,1.038302580766626626e+00,5.124953627243976628e-01,1.187631500404055185e+00,1.113062167732803198e+00
6.863012753518619169e-01,9.761385750201962974e-01,5.906044641863017475e-01,6.701304665731102617e-01,9.200135580085345710e-01
1.261206423924513986e+00,1.053915761567074005e+00,9.001148321876076830e-01,3.845823596341629846e-01,6.269949335765024889e-01
1.081587387804426204e+00,4.998302537928477896e-01,1.167827608589783184e+00,1.121153445322465636e+00,8.766491245238567931e-01
1.169924174867765787e+00,1.076484187732439368e+00,1.031618340463555272e+00,2.175321532048992701e-01,6.175444198938694340e-01
9.082318903416368716e-01,1.045155703819547588e+00,8.802571666884647650e-01,8.173093750654349954e-01,9.546141530153214871e-01
5.532171270232263405e-01,6.671728587849613534e-01,1.079904186103727737e+00,1.201361137219123298e+00,6.320109842563500502e-01
6.787230039515406155e-01,9.185341888435683000e-01,7.372214467290190143e-01,8.350407789632899869e-01,6.527243114841679850e-01
8.102758922605711733e-01,9.601778446952068391e-01,8.795561317510163235e-01,1.142129161462491327e+00,5.889992040331740730e-01
9.469082249488930403e-01,9.368933083742005952e-01,1.059609946831709948e+00,7.329843395937145623e-01,8.604093471880630561e-01
1.009952463453067439e+00,8.010491164785026319e-01,8.548517328154524586e-01,9.588596202262650303e-01,8.317372980582997677e-01
1.204051852911381948e+00,7.902347911736418151e-01,1.309804112342820126e+00,8.148626629165374169e-01,1.032551961286738651e+00
8.000399863417453350e-01,1.418401672287784576e+00,8.178407535738674294e-01,1.442187567290649675e+00,1.031692086530112906e+00
6.341881010692094200e-01,1.295890302028732011e+00,9.771320353869130670e-01,8.238947997112884281e-01,9.700198144266624078e-01
1.002803772817006722e+00,9.248894612663788317e-01,1.304455918856771257e+00,7.283338021267480311e-01,6.196005826430521779e-01
9.279826296627614601e-01,9.571885504212599427e-01,1.060294098305091470e+00,8.707683190980565202e-01,8.595984145210198157e-01
1.259308119806815007e+00,1.183831545910698946e+00,7.484839875825866073e-01,9.868346075793518191e-01,9.650445117212983481e-01
9.862487393299371741e-01,7.873229301703443817e-01,8.079244611010290011e-01,8.180683260250647404e-01,1.092664988833209394e+00
9.455291008482658022e-01,8.910099763296146502e-01,9.784613848870031827e-01,9.988605321627294087e-01,8.710796008057687390e-01
7.871118579008393734e-01,7.848998469813391887e-01,1.092513355308034395e+00,7.617186088903193930e-01,5.213075109618753311e-01
1.053186172081048477e+00,1.156204427736105433e+00,7.334776434637813036e-01,8.105587050925546766e-01,1.401596881757066315e+00
9.741138785434118041e-01,7.120876029350442504e-01,9.224507244429880348e-01,6.426297006034721315e-01,8.877284907497300370e-01
8.784351624219464139e-01,8.391165429317660740e-01,1.024718987570881756e+00,1.154602350729062366e+00,7.883848757452901479e-01
9.161928407098863802e-01,3.713496123218048006e-01,1.312207945963762112e+00,8.645387629575358446e-01,-3.699740080011916510e-02
9.168854817074392205e-01,8.408476805879721017e-01,9.494993612101085834e-01,9.648394470090644326e-01,9.376254922804924119e-01
1.281140000148603297e+00,4.556158680192536892e-01,1.179742380806994895e+00,6.703207956715547811e-01,9.509219853165443714e-01
9.209397547300905984e-01,9.261568451393414891e-01,1.101291396475359452e+00,8.545634719526017387e-01,9.285538174718276361e-01
1.374350651550876989e+00,9.106119639804753918e-01,7.621810644010982294e-01,1.248120430138387027e+00,5.572346475707763425e-01
7.010538613724922596e-01,7.856513379908218742e-01,7.950168880940303717e-01,8.046156948201436121e-01,9.842396306883703927e-01
9.034105647138552797e-01,3.522167309474001362e-01,8.242014153049355141e-01,5.599886897548940201e-01,8.059231152948564958e-01
7.550929534418014955e-01,4.143339282958481418e-01,7.609908134296836657e-01,9.212163865830054199e-01,6.126989875668813479e-01
5.489455672056635649e-01,6.328444311685829105e-01,1.468404115003207000e+00,1.052535081285610907e+00,8.542323674661802535e-01
7.794957397751020034e-01,9.462396941786875848e-01,1.294816549737882072e+00,8.219521894692113362e-01,7.672998089466703808e-01
6.931050373170275503e-01,9.943393791958127226e-01,1.201983331965293278e+00,6.060052340531262294e-01,1.731887644806675286e-01
3.996496591524367203e-01,4.126287916301157876e-01,5.461444956984562449e-01,5.922539840817920842e-01,5.869496541858205685e-01
7.637122060463150675e-01,9.817325767108192602e-01,9.494736701959448633e-01,1.078324336595713584e+00,1.006676563341581732e+00
1.249167746925407219e+00,9.642829626345679195e-01,9.223341861154287225e-01,8.030244681624680858e-01,1.072645812195235582e+00
1.223088079967532105e+00,7.334961103931669779e-01,8.268580990823161114e-01,1.088179579346326697e+00,6.317018445740203436e-01
7.459781394346767236e-01,1.061457606355665106e+00,1.169466120436974066e+00,9.552666705250365542e-01,9.943651696589040911e-01
7.300259852400564631e-01,1.235671833911276885e+00,7.466303548429061854e-01,1.065789586062138028e+00,1.296258840449916905e+00
9.807828302564427503e-01,7.020678345403502663e-01,5.557891355249692245e-01,7.524294605573816908e-01,1.377492115826038699e+00
9.778254110727364612e-01,1.080448173741025197e+00,7.328667703243065823e-01,1.159251030055473697e+00,8.793681601758344124e-01
9.893666746919117516e-01,8.480666022172188567e-01,1.414307252804372528e+00,7.404139774089314452e-01,9.900798788522587879e-01
9.120534033367757587e-01,9.667736954929108117e-01,1.154495017184242966e+00,1.137947299894330966e+00,1.138467043306218507e+00
8.216041946880617841e-01,4.246303897584990383e-01,7.660227091598150739e-01,1.392002480001959919e+00,8.938226524030780107e-01
1.108214785501409283e+00,1.167430103068013869e+00,7.332243911904954281e-01,6.816240508500519546e-01,9.006581808669134048e-01
1.183330042154728146e+00,1.401109476921366337e+00,2.548908704970289096e-01,1.446273444670258090e+00,4.926590462504448764e-01
9.428618640256289929e-01,8.280702757664789582e-01,7.114601154273507699e-01,6.141578160863322422e-01,2.696559195748615134e-01
8.174440536229803378e-01,8.393175840655160425e-01,1.115034554209226147e+00,8.352144426496270757e-01,8.820242622188513293e-01
8.287413726916919021e-01,1.219013141030234726e+00,1.104435612984916437e+00,7.901932020275688195e-01,1.047809443189169576e+00
7.696710387824141630e-01,8.775830029206040939e-01,8.112868074900738691e-01,7.971411390864341362e-01,5.930975222747186804e-01
8.714611830423406591e-01,6.511811314056374922e-01,2.592360243707609868e-01,3.173472057933575119e-01,1.050861895158035964e+00
6.599572402850933939e-01,6.703428386669910699e-01,1.022796466095350576e+00,5.490041270922473293e-01,6.523899793090387478e-01
6.305400232022346785e-01,7.519424603393563000e-01,1.032641847913609245e+00,7.860768785647319623e-01,7.255680402690831698e-01
1.106762060646015122e+00,1.282884808031187873e+00,9.971867415092552367e-01,1.046269992946357696e+00,1.169498017610564711e+00
1.107381097442713846e+00,9.211402935322978713e-01,9.744790646445491422e-01,7.277124889767864202e-01,1.257548065326892450e+00
1.019744465733511740e+00,1.007634799689643090e+00,8.157511256144669431e-01,8.359741358538155254e-01,7.758978325614521721e-01
9.528312649703782888e-01,8.156934858279669687e-01,7.124187522785724314e-01,8.887357198951112425e-01,1.144158674721550861e+00
6.798490790608386902e-01,9.174229646862110954e-01,7.565390978584010107e-01,8.533212796611586715e-01,7.330753835617924707e-01
9.134319257877727694e-01,9.000383720279339084e-01,9.742017845889743288e-01,6.419153441127078974e-01,7.278751880402698493e-01
6.268591146723704322e-01,1.199876367933191190e+00,6.679004366462581999e-01,9.945049638532424963e-01,2.383898527668143474e-01
9.183846988789308163e-01,8.809502212766663343e-01,1.201702048165593339e+00,7.218583945596332985e-01,6.875748587859429328e-01
1.035939829322436889e+00,9.239915254346028339e-01,7.758530469515220185e-01,9.752851954844553584e-01,1.211469668101532671e+00
9.464289975172017755e-01,1.412939915757457365e+00,-1.445385271229658319e-01,1.585424893620590359e+00,9.186317535307475524e-01
5.384353606056244690e-01,6.450175700601308293e-01,1.010144096691100613e+00,8.298035711252669255e-01,3.611938236248440348e-01
1.172018825708522671e+00,4.007005632910823900e-01,-5.199933294172924825e-01,9.189967357313995056e-01,1.535038984222141023e+00
9.875814948927539305e-01,9.774533784235560629e-01,1.150358352657666616e+00,1.333125022496849832e+00,8.443799086049856850e-01
9.481997539089548344e-01,7.638041614448727312e-01,1.161139410388246418e+00,1.147935137052684240e+00,8.623289631779758047e-01
9.590217302809053157e-01,8.170762231547302745e-01,6.872049539234836857e-01,8.062797476021953402e-01,8.730659466915746680e-01
8.505807162472024396e-01,7.920767089124504112e-01,6.271591598703394332e-01,5.840698589167913068e-01,4.193557034797270600e-01
7.122918929984343173e-01,8.128423586962506553e-01,7.325502680641615694e-01,8.734510148980965116e-01,8.911726622190300207e-01
6.136541279143256089e-01,7.457874657993885936e-01,9.413906133092306838e-01,1.198509746490493466e+00,6.652066810866936741e-01
9.139599099561396267e-01,1.090168817267531454e+00,8.055798952499789722e-01,9.235244513276223977e-01,1.140805442690052018e+00
1.336212398116461753e+00,9.047146385354887244e-01,4.959495745685989498e-01,9.439890676720226192e-01,1.611051620734045731e+00
5.967712866749156353e-01,5.875426891741375446e-01,1.035112241881367190e+00,4.195614941774444828e-01,5.313624073056899544e-01
1.023974130215720590e+00,1.152611056884530027e+00,1.047313581684234496e+00,1.005661367510425785e+00,1.208223939112365253e+00
8.664653561839172902e-01,7.622943828142804135e-01,1.069794882004855952e+00,1.269329748050218587e+00,1.409292239852984574e+00
8.320737544383509654e-01,1.199113917374905247e+00,1.191052301127910606e+00,8.836032513439781022e-01,9.530469196508648544e-01
9.569137790883079919e-01,7.873851588717198924e-01,5.834684960621556726e-01,9.522674731988203245e-01,8.679907447356784989e-01
9.844095802719809996e-01,7.410720366542037363e-01,8.302257661385656906e-01,8.007454206117259332e-01,1.221336856085203371e+00
9.598927148521518848e-01,1.327259345667551882e+00,5.463837395469274272e-01,7.552975554179977014e-01,1.463470521909782773e+00
9.570721299875396548e-01,1.419131061532322047e+00,7.543366189246303311e-01,1.029065972102691351e+00,8.421716894347909266e-01
1.135399619110532887e+00,7.000627077754664196e-01,9.961415629817860218e-01,8.064906084540477416e-01,8.300174178251839008e-01
9.772050409332716514e-01,9.290987475680581031e-01,5.438004692046655153e-01,1.090309417716428086e+00,1.028173506154391292e+00
1.112128695986342564e+00,9.204485080818436415e-01,1.027905515192688579e+00,1.027922031135392045e+00,1.075156413201062477e+00
1.013483737359675674e+00,1.007336414604539820e+00,7.947453367127524926e-01,7.246872434586583145e-01,9.624796010222816944e-01
9.643549816690439869e-01,7.791552999050723738e-01,6.227660353981842034e-01,9.495708981634695123e-01,9.110296672224660330e-01
9.074093966926802812e-01,1.050865752893358041e+00,9.625701902728733828e-01,1.002678997321899246e+00,8.518177951148642180e-01
9.460164550090979230e-01,8.814793698628347052e-01,1.231275358552753607e+00,9.609830265347799605e-01,8.884512246201983210e-01
9.207732528009642259e-01,1.190364141562847200e+00,9.496841203464750913e-01,4.942256579458993992e-01,8.267835915063129759e-01
8.743271542106159089e-01,9.012499287178118434e-01,8.227076939826408752e-01,8.611984398549336062e-01,9.776076610403713341e-01
1.035070520443094555e+00,4.747178176465116084e-01,9.495361836529033761e-01,7.206015391211609833e-01,1.333635623464865194e+00
1.041162875479350935e+00,9.172512300560221599e-01,1.047060236246737386e+00,9.243317185667443425e-01,8.197705915967677948e-01
1.075546928971561345e+00,1.053757503267487738e+00,1.082855021664938189e+00,1.020907051870083126e+00,1.049625683297822576e+00
8.459244170451806211e-01,9.393120954306942716e-01,1.162108422449205092e+00,7.283680743121069279e-01,4.398914396451059083e-01
6.804639771854000818e-01,7.977771724047861834e-01,7.224260122175446552e-01,9.263604038705056665e-01,6.071519233679236738e-01
6.879646095157111452e-01,1.199705846523738462e+00,1.345106875968649307e+00,7.294960044196093785e-01,9.833794639368934609e-01
7.601109919047143171e-01,9.589956917372511880e-01,7.026223320781488368e-02,1.229259677932992734e+00,1.419808102300400554e+00
8.405355299703386462e-01,7.453632726061352187e-01,1.141166421747044080e+00,9.289751560721025703e-01,1.031889896897453918e+00
1.137105794248555402e+00,9.220010266632820972e-01,5.292947604421099905e-01,6.493631819542322603e-01,7.638050064769993375e-01
1.125535835158471221e+00,1.237546870115053599e+00,7.121002569849050889e-01,1.061253609925483454e+00,7.857762674501165279e-01
6.492046083588083327e-01,1.282579252575444029e+00,4.803181474510518356e-01,6.521916776337740584e-01,9.643262653250773697e-01
8.827802826532928915e-01,9.758997422193810278e-01,1.044281026755414121e+00,8.627717729557182746e-01,7.012579318773930481e-01
9.122225899442425456e-01,1.132842249978555094e+00,8.140619638858961338e-01,8.229794386161609632e-01,1.229601655280466499e+00
7.466450890466225232e-01,7.436131468447548798e-01,7.755978691681768566e-01,7.035662226339460812e-01,6.761446581657647448e-01
6.383084798909473001e-01,8.103846506214390510e-01,1.107284257373745140e+00,9.615572385444383086e-01,6.829668519487469558e-01
7.897924038273639313e-01,9.772339603453700230e-01,9.098808609826304350e-01,6.729809484797978358e-01,1.067020012260048167e+00
9.654800152078394371e-01,1.109759967679147197e+00,1.363297439861854254e+00,1.003459458812217653e+00,1.052712112945562994e+00
8.751183268201377929e-01,6.974682844856264774e-01,4.756034675493570618e-01,3.469879191138728336e-01,9.538617112476412974e-01
8.537764028927314897e-01,7.481821411069287109e-01,1.743309191533103597e+00,7.794469520264091233e-01,5.419031234599559488e-01
6.374078223341034244e-01,9.739374247071296287e-01,1.025948788949597290e+00,8.358641534020457842e-01,1.081620107257557972e+00
8.304722764545744429e-01,8.392461128964662231e-01,1.330101383289196137e+00,1.393303784989217364e+00,7.583042565444971794e-01
1.172234397484043900e+00,1.144188961689987627e+00,8.766150059156310181e-01,1.020029643447432965e+00,1.249075804078668250e+00
1.093736883294781137e+00,1.076993101427441646e+00,1.281984969659961227e+00,9.446930961614756761e-01,1.027935477910618234e+00
8.614317383118306193e-01,7.556688831617870417e-01,7.915098816415651051e-01,8.608395087892279918e-01,1.089717166429738704e+00
1.144177323700927840e+00,8.098932075669931230e-01,5.938821684370831910e-01,6.018262531247448033e-01,1.069869752125541362e+00
1.170945885432157940e+00,8.812585228771644408e-01,1.093738882084413833e+00,8.746248050550353703e-01,1.028251136178572445e+00
1.092885927147935643e+00,8.703187385044811597e-01,9.723111291272391599e-01,9.606851312699332679e-01,9.322231905201966429e-01
1.030402790730003515e+00,9.384211904721754260e-01,1.145531742595670144e+00,1.056473458742084093e+00,9.246258156499020942e-01
1.236596019702094429e+00,8.422106353775141718e-01,1.067957378446161787e+00,7.409475507143153949e-01,7.422875274336887541e-01
5.527521579999374879e-01,7.915200297597910772e-01,8.384830400447986776e-01,7.745503455031242934e-01,1.001298372519996649e+00
9.403434570541144844e-01,6.585720895088541527e-01,8.574449915914289511e-01,7.867029968573330256e-01,7.702092313251038824e-01
7.964329985446445548e-01,5.550396129468890827e-01,8.343958073949060417e-01,5.048185013065585869e-01,7.782773824509870986e-01
8.378210739693441322e-01,8.428947960879674683e-01,1.033890809432270741e+00,7.603167764563816267e-01,6.267172600217139067e-01
2.625364908337181613e-01,5.644007333119799297e-01,1.513027251903479087e+00,1.474700158766963476e+00,1.533301775461151761e+00
1.278523245052718860e+00,8.065426136867508422e-01,8.636911958359088093e-01,1.007075284219494771e+00,1.500549377292649478e+00
9.280483446252166813e-01,6.123194562002733932e-01,1.108528150448223171e+00,9.988804179193788713e-01,6.781905202100318997e-01
1.011067087131728881e+00,9.764328961533109696e-01,1.342347297295706898e+00,8.943366212816877825e-01,4.127937678669481025e-01
1.079181103742374193e+00,5.158912990315009939e-01,1.104944955889570313e+00,4.710162733359892773e-01,7.517924734734779957e-01
5.463978783238915282e-01,1.086034824762584838e+00,8.307480081368301406e-01,1.503732205164649560e+00,1.382867697801027251e+00
5.617524162834226509e-01,3.661326965884955653e-01,1.005226498833445614e+00,6.585194890809124013e-01,7.785730448196064302e-01
7.042685351263251459e-01,9.448549410316500197e-01,3.270370438156974258e-01,8.863554121370742500e-01,7.356036901628956182e-01
7.445081350596263192e-01,8.943253484368850481e-01,1.005150377794731709e+00,7.137963281864326825e-01,5.196254440899306104e-01
9.828114980936349943e-01,9.878282251021508475e-01,1.022061657927248346e+00,7.873012403762760236e-01,5.379669728686861108e-01
3.518570117996725477e-01,1.077537611546436569e+00,1.126122053122753375e+00,1.136361806959108822e+00,9.884044407204365390e-01
9.064996305589846370e-01,6.576560654593002209e-01,6.134200598143141336e-01,8.530794661778995369e-01,1.090897605701694140e+00
8.595265425350269162e-01,1.041488744461306570e+00,1.110423461090385810e+00,7.065389936948327509e-01,1.085998314283183497e+00
7.146155728653839079e-01,9.110677892675961287e-01,9.425752128531602603e-01,1.074769834524548440e+00,7.170327512983278861e-01
9.228427645274615010e-01,1.130160848763828829e+00,7.160884924358021930e-01,9.399651345902751975e-01,1.388336644979715873e+00
6.876325704064382149e-01,9.345824774713725747e-01,1.037446314914378886e+00,8.524246085982819521e-01,8.915251247581009730e-01
8.645390493604452331e-01,8.649157045639701558e-01,5.944689046351963047e-01,9.335442319194011684e-01,9.326266125771395243e-01
1.012274987265445958e+00,1.075856496018994246e+00,9.005949589506097031e-01,8.898294689279095948e-01,8.150302617322373600e-01
9.104742914459024172e-01,1.360213463582001792e+00,4.764457350837547067e-01,7.098637802915892525e-01,1.302665498009679235e+00
6.828252728177537367e-01,1.363320119651471485e+00,8.887223047081168614e-01,8.666368436727781566e-01,7.702051702925144516e-01
8.519274885506932238e-01,7.675042612345236437e-01,1.161608794659344746e+00,1.052634764718894500e+00,1.253981754465492315e+00
1.335500028253226779e+00,1.088202628521791615e+00,8.644953168803261034e-01,7.455217501614220810e-01,9.051684108584244770e-01
1.142632103184594961e+00,7.698061457202562963e-01,1.036193239763958607e+00,8.289524623578008455e-01,1.153345699567940308e+00
1.070295019987817398e+00,8.425621448076445752e-01,5.602348791715909826e-01,9.378469914488271053e-01,9.531550859839414969e-01
7.935491131286793731e-01,9.756712574704955454e-01,1.156545411402752910e+00,8.540772133857129633e-01,8.433344266704111414e-01
1.171437947416526626e+00,1.558362239509934577e+00,7.840559708822296692e-01,8.664184864840173139e-01,8.672105434199872676e-01
1.117182524984028147e+00,1.114673240767595663e+00,1.040499839314195096e+00,1.102327947113431739e+00,1.070436949792965553e+00
1.120040335247369789e+00,9.326740285230218364e-01,9.854585495921108773e-01,7.076291632618103566e-01,9.434735982170324720e-01
7.669344459590062835e-01,1.491162734369882448e-01,1.335589517844687713e+00,9.665806170396652464e-01,5.574928861907532118e-01
9.527175774488024773e-01,9.451865879140881610e-01,1.088745633478805708e+00,8.978256348303998990e-01,8.780028853658854437e-01
7.652888529149248775e-01,2.618782254513868368e-01,1.584168894772225444e+00,1.134661282150717154e+00,6.178539407970070618e-01
6.814812291519628529e-01,1.166703807841184659e+00,8.678068760634227718e-01,1.121626744032392820e+00,1.294688505667468847e+00
8.238642688230854993e-01,8.453368959862652687e-01,1.010203576798740066e+00,8.029337416198267796e-01,9.725695622214853842e-01
1.005616252245609354e+00,8.924508032611405683e-01,8.190000475624692466e-01,8.381431253801941983e-01,9.431462727235090382e-01
8.821997221392471333e-01,8.043623077041973657e-01,9.449232440147538048e-01,7.884688993161399484e-01,1.214097605048916950e+00
6.393097722365025382e-01,1.035593955210231787e+00,5.863372276752396584e-01,4.308060480514915302e-01,8.447388501491560620e-01
9.066614917291117015e-01,1.080601930432617097e+00,3.839040464915428608e-01,1.045672081596265901e+00,9.198317513244965715e-01
7.951656028402642740e-01,1.001887605222288258e+00,8.104732715755873507e-01,9.913658864742879162e-01,9.135673937653578935e-01
1.446730347011124573e+00,4.459438581283666769e-01,4.183042394325225954e-01,1.162386128274908614e+00,9.996185685210039473e-01
5.110957319152076295e-01,7.273019102914506373e-01,8.949324182606377409e-01,7.033153395965384691e-01,7.742760084644958463e-01
8.160939993790278235e-01,7.203427711755776564e-01,1.197142199028094822e+00,7.531573094190457951e-01,8.725577734359410975e-01
9.802019300110956790e-01,1.089563909934699426e+00,1.075277976156531867e+00,1.045148929946939864e+00,1.086957863802163970e+00
9.034281216595014818e-01,1.098109203465178041e+00,1.066531244999613603e+00,8.055057690793441250e-01,6.509611643966110028e-01
9.956168705875115821e-01,5.932476369865212762e-01,5.103625766719057655e-01,4.866333330366809928e-01,7.330872928388144638e-01
9.664135507698662364e-01,1.101499169696714464e+00,1.028519714316053157e+00,1.017169669849844027e+00,1.193344124089016578e+00
5.527249332427811579e-01,8.480844778334829526e-01,9.321728452265615195e-01,4.475814714114415560e-01,1.066597455070342093e+00
1.149289759629346985e+00,8.382840669618616403e-01,1.516957522995409091e+00,7.498134539858489767e-01,7.475052460872194660e-01
1.163230568309285617e+00,1.061479055755553347e+00,9.106717007875708703e-01,1.044941186688205015e+00,7.896157634201250719e-01
8.866078505026112611e-01,8.472228489425666087e-01,9.332141661712373137e-01,7.614822728457401046e-01,9.036096509686911693e-01
9.562753783814536002e-01,9.344167660984322721e-01,1.164322745858124231e+00,7.017559175784827685e-01,7.467091191690496954e-01
8.180837204787372308e-01,7.307742439814574054e-01,6.811887239307464759e-01,9.574534699647984093e-01,1.020476395565539152e+00
1.178777632985359203e+00,7.474535898989335125e-01,7.298241480960334648e-01,1.055119177626398397e+00,7.015536817985457141e-01
9.863591348423287331e-01,6.951822344913050067e-01,8.528349819544710497e-01,1.134401855396153680e+00,6.713009499732356389e-01
9.290070782073414080e-01,8.476515223858714920e-01,9.539821669680877969e-01,8.855054060943743366e-01,1.430609312563772439e+00
4.575803653816719052e-01,4.732673396596108195e-01,2.091421144254175246e-01,4.082786502712670851e-01,-8.223051714379241844e-03
9.542142410321283741e-01,1.073916168841126728e+00,1.039529449393704397e+00,1.280710640733579542e+00,7.961655690477718039e-01
8.860574742877012078e-01,6.526560352235926121e-01,1.291347750071675238e+00,9.027005999127535318e-01,8.132015863779489262e-01
1.000890695853198009e+00,1.003748276060338895e+00,1.195949666297452030e+00,8.430575366156703998e-01,8.952315164101755096e-01
8.745427634637233938e-01,9.761871756958314661e-01,1.001833164222435402e+00,5.689824348182411784e-01,8.615842099417969635e-01
7.566396545992817302e-01,8.458820345910698091e-01,9.060159585348732669e-01,1.208054834710200476e+00,9.215777622890817256e-01
6.738922821316299938e-01,7.550571534164806087e-01,7.842259801008304443e-01,7.217475760211297109e-01,7.893889335437085375e-01
8.646319462317565430e-01,7.727043791111675164e-01,7.579830056545985295e-01,8.114356062257734870e-01,4.512332932885994574e-01
9.582159741901999928e-01,9.926886269304947552e-01,7.611957193056883009e-01,1.001470803979157553e+00,1.173277672258557169e+00
9.002380124269018236e-01,1.006818481495628026e+00,9.280923977491195576e-01,4.506623582489416857e-01,1.072172819309365810e+00
8.963344539409896505e-01,1.330181131488308743e+00,7.375993209241523685e-01,1.152288132246826136e+00,1.413228902227131378e+00
7.169849674832875497e-01,1.037597221427315031e+00,1.033963248170529425e+00,9.978443594094730251e-01,9.655536400563493604e-01
8.324748777091655061e-01,7.786735161648755676e-01,8.900837853199876637e-01,8.478534796425505338e-01,5.641947340311935788e-01
8.694887717856164544e-01,8.493231245038352917e-01,7.079652308910157066e-01,9.908992861473465696e-01,8.603672749564976741e-01
7.624446721444855246e-01,1.182263251178758967e+00,9.905130649707613033e-01,1.259474194636710953e+00,1.322016627847947268e+00
9.361245078708450018e-01,8.078153891941052267e-01,8.703039011277086123e-01,8.684601581470934306e-01,7.330661922677125242e-01
1.144428857499248053e+00,9.827517252880604293e-01,2.788899425434470669e-01,9.639978954563444002e-01,1.116767247148537479e+00
1.319057435123152544e+00,7.973691435379229864e-01,1.166209764173085750e+00,1.002755509586942262e+00,1.100060052114263165e+00
7.651838144470255454e-01,8.659236599697541781e-01,1.071101843604738590e+00,1.039998515500024423e+00,1.162589537897450231e+00
7.122059513510090589e-01,7.473886396336344440e-01,9.435045034388925278e-03,9.653106257526481437e-01,6.130011742545757869e-01
1.338557210728125169e+00,1.273004912805915767e+00,1.007244123611016562e+00,9.006934249087463762e-01,1.012374366492390987e+00
1.141630531540362758e+00,5.832744516288009828e-01,1.020306586790483472e+00,9.378688459741157946e-01,7.290736516484412899e-01
8.155576434257120200e-01,7.440537240231814842e-01,8.169809111695148784e-01,1.046810562798042188e+00,1.130843761301329575e+00
1.079975875198116109e+00,8.143769509091066672e-01,1.213554491258616475e+00,8.884059469980583046e-01,7.094078147584793603e-01
1.098056979172932879e+00,1.060801511457855062e+00,5.983587356695633241e-01,9.754369506204501050e-01,9.270784101049450721e-01
7.976930679315945572e-01,6.628486852401156426e-01,1.487056083833963926e+00,5.048897929198493673e-01,2.558459822040244913e-01
8.339815493875905039e-01,7.542313097304491620e-01,7.453411491057003735e-01,6.916831524676808618e-01,1.273181783119225141e+00
9.168022632975922903e-01,8.107138507698546936e-01,9.249022349135654908e-01,7.286610083419440276e-01,8.629730598927023433e-01
9.253872269991015864e-01,8.708327507785982302e-01,6.254433931851500761e-01,8.182127522259242669e-01,1.148677384561352044e+00
6.539450586239498042e-01,1.047926470759534601e+00,1.199411038211529279e+00,7.320929870701421427e-01,8.790967782050861379e-01
8.117415696368750488e-01,6.834690104132501443e-01,1.076072555452147306e+00,8.883099864070279628e-01,1.315271327612670849e+00
7.835296361415408084e-01,9.241612585268216273e-01,8.863790657115566685e-01,1.075251649384576291e+00,8.863317089948212768e-01
9.038249937519431398e-01,9.299247161601238432e-01,9.620898184669943731e-01,8.980823860292310723e-01,1.028966477853404449e+00
8.787116235263494612e-01,1.004870863203935594e+00,7.460577883726946524e-01,1.136439631321702226e+00,1.004387711744902489e+00
8.611364670236530960e-01,1.027048391010983996e+00,1.000075244257712326e+00,9.709545068442586579e-01,9.316677348258897151e-01
9.926667883845325946e-01,1.144693137589898546e+00,1.266080981646127368e+00,9.895266697703470893e-01,1.004547443197083112e+00
2.736948351627815912e-01,6.378682581760661829e-01,6.130710898586628765e-01,1.113888946597487051e+00,1.015975048748199772e+00
1.054880619959053689e+00,9.382478980115217526e-01,1.102369031214528006e+00,7.117499448130273354e-01,4.438427901466994729e-01
9.512425222391585056e-01,8.027449643035013960e-01,9.609922075076746673e-01,1.041556449228412395e+00,8.867145151145184867e-01
8.995081111460012657e-01,6.989686032142125027e-01,7.706986533793046545e-01,6.064258324300115799e-01,7.555268826410702632e-01
7.980478557245275217e-01,9.603853225698745222e-01,5.160318813429121132e-01,9.111997270843741337e-01,8.899178362268186371e-01
1.029964634132936707e+00,7.891190360309584539e-01,1.133295719139952196e+00,1.095082251851443145e+00,1.106038307269579857e+00
8.684992552590042880e-01,9.467134499687769322e-01,7.182478118235416931e-01,9.107738660269349973e-01,1.302885012150701183e+00
9.119104488320893820e-01,9.724713144445071844e-01,7.069963028224415247e-01,7.769885660265343219e-01,1.333607687641368944e+00
1.058598328165863522e+00,9.478235650685128411e-01,6.358323390072987413e-01,1.374644508037938584e+00,1.116262528008424404e+00
1.029335866481512873e+00,5.295888152874228538e-01,8.414670498611548366e-01,5.031172518843540775e-01,4.394661601588602529e-01
5.555846751439985631e-01,9.899999043415624866e-01,9.807779265819611680e-01,1.271836594867730375e+00,7.828506536521493420e-01
9.791250824333362912e-01,9.269962728554957954e-01,1.266483743102899240e+00,8.790527848919842402e-01,6.662041424565403602e-01
8.152267102580856850e-01,8.281280470298605367e-01,1.093127756586869337e+00,8.767422439379609633e-01,5.086187019044010604e-01
7.989387830809815405e-01,1.104687547626622246e+00,7.956669573141659235e-01,9.860531192675163759e-01,1.119537598386289634e+00
1.184882196013431255e+00,1.377967819519236414e+00,5.054479590501533837e-01,1.299900540766251167e+00,1.510846068722955904e+00
8.838253393971241545e-01,1.043958770488293109e+00,1.339668281454605703e+00,6.574545881646799428e-01,8.908894186230201795e-01
1.290224725333171341e+00,8.486281262648044388e-01,1.038953750480525295e+00,8.214243193821059164e-01,1.026393201859944204e+00
1.073748684079515847e+00,1.233225207152988556e+00,1.125864055770465555e+00,9.372694842355570044e-01,1.310286485448564964e+00
1.027083302148068977e+00,1.088612866534718115e+00,1.128315720103778341e+00,3.073584880705338418e-01,4.625663689297711545e-01
1.247769715386369382e+00,6.209483520764756959e-01,7.185010678793911643e-01,9.634383236679566753e-01,7.918560416123675560e-01
1.111704828297931824e+00,9.881434287203665345e-01,4.842563701044199087e-01,1.318982663904110453e+00,9.166962120621485743e-01
9.393766332030043520e-01,1.094761420341517244e+00,7.697232328405476665e-01,1.009433895713431228e+00,7.479679623363864049e-01
5.449796478215513940e-01,8.595373706173339290e-01,1.097932583054529676e+00,9.334095634489647519e-01,5.566375151948576017e-01
8.425058492150706568e-01,9.756432119134323955e-01,3.248426489051320920e-01,8.954836788058645469e-01,1.394692862703788672e+00
1.245622479406714112e+00,3.643137928159715377e-01,8.328182482857932056e-01,1.069517304210490627e+00,5.991054651466460879e-01
8.740385211345775840e-01,5.129529994175786589e-01,5.880346014170810820e-01,6.513340242222988019e-01,7.331291391306676841e-01
1.163782068131530512e+00,9.472041218576244814e-01,6.907748731868275094e-01,1.060967350846635293e+00,1.016333204103138321e+00
6.363302694311792074e-01,1.247386087678603372e+00,7.159284723372012493e-01,7.642136707952615904e-01,1.352145604031005366e+00
1.161197950739831120e+00,4.518363761872355444e-01,6.367545405146149973e-01,8.142424627189231989e-01,8.959058300831377331e-01
7.217701880438992523e-01,6.891955166708771952e-01,5.297645617813305785e-01,8.215661676213946718e-01,8.589535804192963697e-01
2.062875878037070676e-01,1.655634176916531697e-01,2.632198971633112894e-01,7.339929363629282832e-01,8.427686807442764660e-01
1.038015122078996821e+00,9.150520726642009661e-01,1.152224761082204285e+00,8.896288647834815766e-01,9.360913263771242221e-01
1.010086726653561140e+00,4.071666775064479160e-01,1.015382484658120976e+00,2.820965706625490621e-01,8.271513109424436516e-01
8.155407291871700215e-01,1.088875996482644881e+00,1.150530578229124634e+00,7.191278834529654107e-01,9.750020471307720982e-01
6.615673786010871638e-01,8.689176247469303505e-01,9.548413835643714265e-01,9.082973792545329106e-01,8.689468971575594614e-01
6.475870560785840224e-01,8.131485111703025126e-01,6.820462455017224368e-01,9.265835979534304823e-01,9.649469747713664836e-01
1.006197953276646961e+00,9.552527538556991882e-01,9.479113862461426843e-01,8.756768048004329730e-01,8.618834985152653561e-01
1.099610847727422458e+00,1.394418323148220340e+00,1.050359818519341237e+00,9.659752592553066952e-01,1.194404443907489455e+00
7.949068578419923314e-01,5.880024180953470347e-01,1.132707933429667913e+00,8.671345518984714396e-01,9.774157452732514795e-01
4.152452563371938909e-01,3.560376911939696631e-01,2.853144461187445691e-01,8.916373498792787844e-01,9.078252570126819077e-01
7.356328231215445435e-01,9.478706772755043364e-01,1.279985519222589074e+00,6.672878706847689134e-01,1.218867564594893205e+00
1.036546801836046638e+00,9.551073421171877298e-01,9.185676885893350185e-01,8.505025531676755346e-01,1.449118589063417284e+00
9.012545100789326469e-01,1.107223993306191145e+00,8.781079640091382643e-01,1.059467841895837648e+00,9.851596951243631883e-01
1.031304204930056034e+00,7.611394295350742967e-01,1.012435288954996793e+00,8.526013887631606059e-01,1.046060627324438830e+00
3.556127641722691135e-01,1.372357126852230991e+00,1.228083931093078007e+00,1.019520927626387463e+00,8.320044765340340875e-01
8.523942666516426403e-01,1.108082360068457284e+00,1.049574204850652670e+00,1.224438882120819194e+00,1.207475089322852746e+00
1.031741347145906929e+00,1.017463255705583824e+00,5.309959484463085966e-01,7.889514468249555490e-01,1.259997616132652043e+00
9.129799202736539332e-01,9.833278518426404879e-01,9.612348960722844060e-01,9.304099353851730259e-01,8.337126230761231493e-01
1.273082966718628306e+00,1.101318768176098084e+00,7.956395950482988422e-01,9.842391336683821157e-01,9.690387507546347479e-01
9.607856458402921351e-01,1.082937173169576717e+00,1.067198240590977898e+00,7.159781977482386761e-01,1.451984665535884345e+00
8.976536988311237808e-01,1.048767039799442635e+00,6.078856840805365591e-01,3.095645132400796085e-01,1.072358413041262226e+00
9.980674369698747661e-01,5.677623830533066185e-01,7.900259296237691631e-01,7.710482549167909649e-01,1.123167010785190323e+00
1.147759689582410925e+00,1.025674406823624984e+00,8.537424914053113323e-01,1.142032104193716036e+00,5.794323424583253113e-01
7.120025485175548452e-01,9.877273340656048672e-01,5.689053673140227474e-01,1.016595063613355387e+00,1.157335891486850343e+00
9.120982599496706422e-01,1.309762870254793876e+00,7.656586925598116711e-01,8.316013486015165768e-01,7.460540544370615201e-01
1.346260247380290487e+00,6.789231648831658417e-01,9.345860827650657177e-01,1.144565540583577290e+00,1.224761591455423737e+00
8.370064125794279830e-01,1.092877529150455773e+00,1.052541561107500412e+00,9.527923552877445301e-01,8.950671128611554783e-01
1.215566020560703731e+00,6.715469003665370806e-01,4.584681906546078656e-01,5.944421433918590791e-01,9.194840719294374853e-01
6.452541860093207182e-01,8.014549231539513929e-01,1.117650306935195514e+00,9.229444222787684948e-01,4.934549881525338577e-01
7.451026171931448561e-01,4.143270079749588053e-01,1.193757045991428845e+00,1.034264534878945652e+00,1.202352794914275602e+00
9.688979914709976438e-01,9.019617999513382944e-01,1.017708412411743035e+00,1.315083410127248165e+00,9.194474858106090887e-01
1.296998327978763355e+00,5.689368849345985968e-01,7.743841797824488893e-01,1.311736265658091094e+00,8.988095337282486774e-01
8.619191182808852991e-01,8.136865059220719232e-01,8.004328320737652547e-01,1.107289485125941608e+00,1.405931360680598763e+00
8.177675019997742156e-01,9.743916124127114387e-01,9.280454912948106205e-01,1.064495477702570803e+00,7.897647952281053874e-01
6.084645725310664499e-01,1.302126144121429130e+00,8.879832954579321980e-01,1.091320615727421117e+00,4.958662257490539793e-01
3.208230347087884793e-01,1.526164603916140949e+00,5.357196301941126171e-01,9.606645175260311031e-01,1.197206772655739160e+00
1.807770075542658228e+00,1.399363050788152485e+00,7.857015507173897850e-01,6.469759704198470018e-01,1.077812538460235503e+00
7.933085834677598980e-01,9.199692700741477491e-01,7.204573305648508397e-01,8.774099137129182102e-01,9.943420677025515131e-01
1.632704223052743320e+00,5.592735704622832094e-01,1.151662797650861547e+00,1.083072107698999087e+00,6.741005910235768894e-01
9.199003642430385597e-01,1.159735063446031278e+00,7.097358480296460659e-01,4.445170536769384451e-01,1.007729788308978636e+00
1.271631181804560029e+00,9.634287004451510539e-01,7.690797590625298996e-01,8.462333154485484066e-01,1.145557598770177377e+00
1.258055358086842102e+00,8.319041123413140060e-01,8.698424331464010839e-01,7.461944482729199191e-01,1.012018903310323736e+00
1.101943863555769676e+00,1.129486279170530905e+00,1.108659103831973747e+00,8.128402185903355059e-01,7.882842533604139668e-01
8.614273791212090359e-01,1.303901422488314976e+00,7.448582208086833578e-01,4.518618116579306010e-01,1.130235495900219655e+00
9.202334668190982336e-01,6.410749435822269415e-01,9.425416752879175464e-01,1.044207085764457643e+00,6.273840034632707230e-01
8.265705506853956441e-01,9.986507061297414944e-01,1.294527830946368141e+00,1.056589206747481802e+00,1.079712472538123746e+00
3.163356731398118127e-01,8.092231347598434210e-01,7.531823132023662826e-01,8.423915170740976510e-01,1.131944642635893006e+00
9.033121523179400425e-01,8.404291180843356246e-01,8.731785793415928199e-01,8.444183088535410775e-01,8.411642483674567350e-01
1.197303428722260366e+00,1.290103795200567616e+00,9.861370907199475955e-01,8.325256780873241391e-01,1.217846777855247753e+00
6.943109859613411095e-01,9.284695880285858127e-01,7.869872670816243643e-01,6.074933193996627789e-01,1.045896660916730392e+00
8.799417393013752031e-01,1.091177660800551230e+00,1.023735284050697691e+00,1.277128727013858267e+00,1.002545251893845801e+00
1.085255974618611008e+00,1.052004809094437388e+00,1.058081036718769186e+00,8.309798589400079205e-01,8.325004778018636475e-01
9.006402665105315286e-01,8.215526737188320050e-01,1.091077640935430138e+00,1.036746989274741848e+00,8.448764811795980156e-01
8.336847355465212273e-01,5.479904979242400387e-01,1.002813972517269114e+00,7.656879021954440256e-01,9.198308986210086413e-01
8.798310549705289363e-01,1.036957852999764285e+00,9.384647699520474173e-01,1.144994381480498591e+00,1.157391179844253104e+00
8.760510488623991510e-01,1.074993187227748503e+00,1.006996321933702365e+00,1.120275149275512971e+00,9.154187870570041907e-01
9.676211353863832798e-01,9.147861502197376371e-01,8.796217981913225792e-01,1.010411384111612243e+00,8.779614276984749610e-01
5.940799381685257785e-01,9.279040254391868192e-01,1.039108860310504312e+00,8.875703708734987707e-01,7.685210712362653407e-01
4.116858442971954579e-01,9.703218685107333208e-01,5.463157047571064462e-01,8.089677026944128713e-01,9.944868235211211660e-01
1.066662588419529323e+00,8.238989595670973554e-01,4.443807814254851496e-01,3.445921085032906395e-01,5.022525287077107548e-01
8.246033720314864812e-01,1.205415607967759595e+00,1.006364432763975358e+00,8.262118870908840007e-01,7.066913433607348027e-01
6.602994807728889137e-01,1.125554938594277132e+00,7.349767644384177512e-01,1.012491265260555551e+00,1.073981823193102647e+00
7.093592692128800614e-01,8.323431298575156845e-01,7.160663836864358256e-01,8.967108312418681226e-01,8.851188412582751130e-01
5.071291155553498964e-01,4.755483036489394078e-01,5.474435952058207544e-01,4.624889535289002374e-01,7.052816919350620717e-01
7.622634403565695660e-01,9.744669122737206202e-01,1.331191444473705632e+00,7.955482980673492799e-01,7.133481010360667174e-01
1.155058027297940271e+00,9.761215559989372403e-01,8.950241384104871134e-01,1.158763965119430583e+00,1.431627351253825564e+00
8.509895844070261006e-01,1.356477789127065625e+00,8.277609006946807790e-01,8.095409918330166432e-01,1.059338853420049187e+00
1.003619808231802857e+00,7.086506887888895934e-01,1.009772372860445300e+00,8.688773021551594589e-01,7.392449411005945770e-01
1.188613905730865561e+00,5.085604004647008569e-01,6.332258484004233967e-01,4.881247171679080621e-01,1.590880702402139635e+00
9.135983862924597076e-01,8.250939891963051664e-01,9.097032444158371645e-01,6.622493404897877856e-01,7.741233439937862393e-01
1.056176403899524940e+00,1.011086097410769380e+00,1.003537554150096156e+00,7.813876365246686939e-01,1.515315724473291104e+00
1.200875794331212942e+00,9.967224317790869259e-01,7.396416977571411699e-01,7.611090901200470160e-01,1.147827264848782391e+00
1.048319241351620024e+00,9.184392196185227064e-01,8.224598869570078907e-01,1.134084629335235572e+00,1.276636717492369399e+00
1.005189107137027582e+00,9.448137998434287255e-01,7.785073286889168109e-01,8.643387116932412795e-01,1.033622211909018818e+00
8.495303514036435244e-01,7.508659982738871141e-01,9.232518171227565018e-01,1.247742857979577957e+00,9.078518915445801252e-01
6.838609203505235934e-01,8.008130196502151188e-01,9.264160171859315840e-01,6.327857409331957284e-01,9.679253030476527853e-01
9.247972108324535867e-01,1.195484438296035012e+00,6.900630325324610403e-01,9.536741935968459094e-01,1.215556092702376745e+00
7.624503000006322972e-01,1.025406176393910629e+00,7.823901043088202778e-01,1.123399729500957234e+00,1.151064484264556098e+00
9.361521702888386809e-01,1.156444491328493696e+00,1.091676856874188584e+00,1.126731263904932279e+00,1.396981103703529570e+00
4.916281797203013726e-01,7.113455790561623582e-01,8.115799675866519625e-01,8.783626814442607733e-01,1.144180989426711426e+00
7.740057603599320712e-01,8.897722356486397199e-01,1.242214409923120044e+00,6.773224227048416646e-01,6.168895752002947486e-01
9.146857947164102054e-01,7.317515888979069238e-01,9.396950875104402856e-01,1.060930323232235351e+00,7.571828169860789215e-01
9.272206068638575438e-01,7.697677924821617612e-01,1.092859958466945391e+00,8.608053957563811531e-01,7.467140438268911051e-01
9.440472775837460695e-01,9.478196721706582117e-01,7.091115980864546309e-01,5.166292841313379069e-01,1.075149732122322233e+00
1.061149713416315699e+00,1.024212023222175194e+00,8.554939812407320598e-01,7.907540731640065879e-01,1.177531665965218854e+00
8.467923787192775942e-01,6.693842367844422547e-01,1.119766642703519777e+00,4.188423375036426921e-01,4.127933497348587610e-01
5.581641393066274492e-01,1.147161567843700158e+00,4.388783314620342546e-01,1.232038090612702863e+00,1.453195109520494244e+00
9.130125370066415336e-01,1.007005406918749069e+00,9.465740711799655038e-01,8.414292205008371273e-01,9.432236383645002942e-01
1.042207622299088365e+00,1.010201045503949402e+00,1.201751150465184326e+00,1.067304964303626091e+00,1.113734303225977218e+00
1.116614939417708730e+00,8.641066276189985906e-01,1.194688454801678068e+00,8.200898902119818645e-01,7.540456798272001659e-01
9.420385180112044177e-01,1.439768713361444741e+00,1.073075729181049098e+00,8.332329146423623767e-01,1.186618957894356896e+00
8.889199678389541059e-01,8.704469715326506041e-01,8.511634122891887921e-01,1.011890457494887929e+00,8.200088629370435589e-01
7.633187262440490617e-01,6.588011217786172713e-01,7.437508321364751929e-01,5.887717723918142188e-01,6.659239826685087182e-01
1.123638375529137257e+00,1.024153161549429925e+00,9.760090263785345943e-01,9.953299808786144620e-01,1.096009242444704990e+00
7.546174245485758325e-01,6.095600836960518576e-01,1.030076205118704236e+00,1.053631786348267152e+00,9.090215179951706137e-01
9.110795686539570060e-01,7.940473873957976103e-01,9.415624083020310842e-01,5.087085835864377792e-01,5.989622383715241805e-01
7.609797334153982629e-01,9.414872527518166612e-01,9.207616692671094505e-01,1.276313522254928223e+00,7.824166558027937368e-01
6.488649046990458968e-01,9.597792438313510477e-01,8.923716295707261326e-01,9.584884212333323328e-01,1.178632983072299023e+00
8.819813841906321006e-01,1.060889294536522476e+00,9.366184871122392730e-01,7.165598702990022550e-01,8.028741824139568051e-01
7.701456294794539748e-01,7.085143576031126544e-01,6.022181203987331255e-01,8.712202572632318232e-01,8.141424341290872668e-01
9.832755471548881854e-01,1.041660331184260269e+00,8.615353723827888777e-01,1.069804217546415304e+00,1.146853565813808373e+00
1.147368456855725638e+00,8.030819905713924012e-01,5.971544693590894459e-01,8.423025556197092367e-01,7.262213691755120548e-01
1.233166383278463840e+00,1.140375089428023569e+00,1.115491470283735298e+00,1.023167861129686385e+00,1.015220105591696509e+00
